component,population,share_of_national_total,detailed_enumeration,lao_heartland_or_related
Detailed-count monthons,3308032.0,0.4947073702609571,1,0
Udon,576947.0,0.08628088638500124,0,1
Isan,915750.0,0.13694797218299928,0,1
Phayap,485563.0,0.07261465270771901,0,1
Krung Thep,493677.0,0.07382807978529789,0,0
Burapha,208868.0,0.031235652802532016,0,0
Saiburi,219000.0,0.03275086640248631,0,0
Kelantan,300000.0,0.04486420055135112,0,0
Tringganu,114895.0,0.017182241074491622,0,0
